model,feature_set,static_features,n_train,n_test,MAE,RMSE,R2,seed
lstm,glucose_only,none,134574,31527,16.158954620361328,23.003663144516924,0.8547986149787903,0
attention_lstm,glucose_only,none,134574,31527,16.167346954345703,23.166709113139323,0.8527330160140991,0
lstm,glucose_insulin,"basal, bolus, bolus_30min, time_since_last_bolus_min",134574,31527,16.384944915771484,23.515286282859577,0.8482679724693298,0
attention_lstm,glucose_insulin,"basal, bolus, bolus_30min, time_since_last_bolus_min",134574,31527,16.48125457763672,23.16109935727361,0.8528043031692505,0
lstm,glucose_meal,"carbs, carbs_30min, time_since_last_meal_min",134574,31527,15.728338241577148,22.60978532799737,0.8597284555435181,0
attention_lstm,glucose_meal,"carbs, carbs_30min, time_since_last_meal_min",134574,31527,15.93101978302002,22.969494035568133,0.8552296757698059,0
lstm,glucose_only,none,134574,31527,16.28510284423828,22.926486414121005,0.8557713031768799,1
attention_lstm,glucose_only,none,134574,31527,16.267709732055664,23.18132261674728,0.8525471687316895,1
lstm,glucose_insulin,"basal, bolus, bolus_30min, time_since_last_bolus_min",134574,31527,16.041048049926758,22.902805792819223,0.8560690879821777,1
attention_lstm,glucose_insulin,"basal, bolus, bolus_30min, time_since_last_bolus_min",134574,31527,16.477983474731445,23.380032410741943,0.8500083684921265,1
lstm,glucose_meal,"carbs, carbs_30min, time_since_last_meal_min",134574,31527,16.418659210205078,22.96632640274669,0.8552696108818054,1
attention_lstm,glucose_meal,"carbs, carbs_30min, time_since_last_meal_min",134574,31527,16.00359344482422,23.06977807965502,0.853962779045105,1
lstm,glucose_only,none,134574,31527,16.41918182373047,23.217733984752236,0.8520835638046265,2
attention_lstm,glucose_only,none,134574,31527,16.199386596679688,23.23159422456504,0.8519068956375122,2
lstm,glucose_insulin,"basal, bolus, bolus_30min, time_since_last_bolus_min",134574,31527,16.01082992553711,23.23251374311912,0.8518952131271362,2
attention_lstm,glucose_insulin,"basal, bolus, bolus_30min, time_since_last_bolus_min",134574,31527,16.855621337890625,24.452313784467567,0.8359347581863403,2
lstm,glucose_meal,"carbs, carbs_30min, time_since_last_meal_min",134574,31527,15.783602714538574,22.5872663425674,0.8600077629089355,2
attention_lstm,glucose_meal,"carbs, carbs_30min, time_since_last_meal_min",134574,31527,16.040496826171875,22.84322764664412,0.8568169474601746,2
lstm,glucose_only,none,134574,31527,16.030759811401367,22.927277077308755,0.8557613492012024,3
attention_lstm,glucose_only,none,134574,31527,16.103679656982422,23.18583636215222,0.852489709854126,3
lstm,glucose_insulin,"basal, bolus, bolus_30min, time_since_last_bolus_min",134574,31527,15.977827072143556,22.99902341676707,0.8548572063446045,3
attention_lstm,glucose_insulin,"basal, bolus, bolus_30min, time_since_last_bolus_min",134574,31527,16.085275650024414,23.250069566848207,0.8516712784767151,3
lstm,glucose_meal,"carbs, carbs_30min, time_since_last_meal_min",134574,31527,16.056678771972656,22.89245139898057,0.8561992049217224,3
attention_lstm,glucose_meal,"carbs, carbs_30min, time_since_last_meal_min",134574,31527,16.363576889038086,22.981042097747384,0.8550840616226196,3
lstm,glucose_only,none,134574,31527,16.321256637573242,23.2878018779917,0.8511894941329956,4
attention_lstm,glucose_only,none,134574,31527,16.26510238647461,23.16847818368,0.852710485458374,4
lstm,glucose_insulin,"basal, bolus, bolus_30min, time_since_last_bolus_min",134574,31527,16.251628875732422,23.2013125344303,0.8522927761077881,4
attention_lstm,glucose_insulin,"basal, bolus, bolus_30min, time_since_last_bolus_min",134574,31527,16.256441116333008,23.25012732029991,0.8516705632209778,4
lstm,glucose_meal,"carbs, carbs_30min, time_since_last_meal_min",134574,31527,15.955750465393066,22.7855617383129,0.8575389385223389,4
attention_lstm,glucose_meal,"carbs, carbs_30min, time_since_last_meal_min",134574,31527,16.0250301361084,22.90471249529641,0.856045126914978,4
lstm,glucose_only,none,134574,31527,16.094633102416992,22.982107085594876,0.8550706505775452,5
attention_lstm,glucose_only,none,134574,31527,16.160982131958008,23.23120801591915,0.8519118428230286,5
lstm,glucose_insulin,"basal, bolus, bolus_30min, time_since_last_bolus_min",134574,31527,15.753446578979492,22.89408570256192,0.8561786413192749,5
attention_lstm,glucose_insulin,"basal, bolus, bolus_30min, time_since_last_bolus_min",134574,31527,16.22573471069336,23.39412131518034,0.8498275876045227,5
lstm,glucose_meal,"carbs, carbs_30min, time_since_last_meal_min",134574,31527,16.07139778137207,22.70488314768433,0.8585460186004639,5
attention_lstm,glucose_meal,"carbs, carbs_30min, time_since_last_meal_min",134574,31527,15.78674030303955,22.679567742105448,0.8588612675666809,5
lstm,glucose_only,none,134574,31527,16.180755615234375,23.11054103506869,0.8534462451934814,6
attention_lstm,glucose_only,none,134574,31527,16.198575973510742,23.145096578011263,0.8530076742172241,6
lstm,glucose_insulin,"basal, bolus, bolus_30min, time_since_last_bolus_min",134574,31527,15.938488960266112,22.965879922724493,0.8552752137184143,6
attention_lstm,glucose_insulin,"basal, bolus, bolus_30min, time_since_last_bolus_min",134574,31527,16.742565155029297,23.421876302951933,0.8494710326194763,6
lstm,glucose_meal,"carbs, carbs_30min, time_since_last_meal_min",134574,31527,16.15401840209961,22.73913583098188,0.8581188917160034,6
attention_lstm,glucose_meal,"carbs, carbs_30min, time_since_last_meal_min",134574,31527,15.865625381469728,22.67173366384271,0.8589587211608887,6
lstm,glucose_only,none,134574,31527,16.30238151550293,23.12826729452241,0.8532213568687439,7
attention_lstm,glucose_only,none,134574,31527,16.326171875,23.212671647184436,0.8521480560302734,7
lstm,glucose_insulin,"basal, bolus, bolus_30min, time_since_last_bolus_min",134574,31527,16.534442901611328,23.32485168344458,0.8507155776023865,7
attention_lstm,glucose_insulin,"basal, bolus, bolus_30min, time_since_last_bolus_min",134574,31527,16.198593139648438,23.17596000320833,0.8526153564453125,7
lstm,glucose_meal,"carbs, carbs_30min, time_since_last_meal_min",134574,31527,15.889392852783203,22.702344005407102,0.8585776090621948,7
attention_lstm,glucose_meal,"carbs, carbs_30min, time_since_last_meal_min",134574,31527,15.73416233062744,22.74765371443215,0.8580125570297241,7
lstm,glucose_only,none,134574,31527,16.460689544677734,23.08910722740474,0.8537179827690125,8
attention_lstm,glucose_only,none,134574,31527,16.689321517944336,23.59066101467644,0.8472937345504761,8
lstm,glucose_insulin,"basal, bolus, bolus_30min, time_since_last_bolus_min",134574,31527,16.64385223388672,23.532721930640403,0.848042905330658,8
attention_lstm,glucose_insulin,"basal, bolus, bolus_30min, time_since_last_bolus_min",134574,31527,16.170166015625,23.441320001195272,0.8492209911346436,8
lstm,glucose_meal,"carbs, carbs_30min, time_since_last_meal_min",134574,31527,16.05763053894043,22.77110837146149,0.8577196002006531,8
attention_lstm,glucose_meal,"carbs, carbs_30min, time_since_last_meal_min",134574,31527,15.701891899108888,22.75436325989548,0.8579288125038147,8
lstm,glucose_only,none,134574,31527,16.34534454345703,23.02403131657022,0.8545413613319397,9
attention_lstm,glucose_only,none,134574,31527,16.788610458374023,23.29996495060065,0.8510339856147766,9
lstm,glucose_insulin,"basal, bolus, bolus_30min, time_since_last_bolus_min",134574,31527,15.967339515686035,22.878521757589585,0.8563741445541382,9
attention_lstm,glucose_insulin,"basal, bolus, bolus_30min, time_since_last_bolus_min",134574,31527,16.56791877746582,23.420022129012548,0.8494948744773865,9
lstm,glucose_meal,"carbs, carbs_30min, time_since_last_meal_min",134574,31527,16.03496742248535,22.627751472887223,0.8595054149627686,9
attention_lstm,glucose_meal,"carbs, carbs_30min, time_since_last_meal_min",134574,31527,15.987298965454102,22.989085385786883,0.8549826145172119,9
